<?xml version="1.0" encoding="UTF-8"?>
<project-private xmlns="http://www.netbeans.org/ns/project-private/1">
    <editor-bookmarks xmlns="http://www.netbeans.org/ns/editor-bookmarks/2" lastBookmarkId="11">
        <file>
            <url>src/visormuestrasbalistica/CotejarMuestra.java</url>
            <bookmark id="11">
                <name/>
                <line>1760</line>
                <key/>
            </bookmark>
        </file>
    </editor-bookmarks>
    <open-files xmlns="http://www.netbeans.org/ns/projectui-open-files/2">
        <group>
            <file>file:/D:/Balistica/VisorMuestrasBalistica/src/visormuestrasbalistica/VerMuestraX.java</file>
            <file>file:/D:/Balistica/VisorMuestrasBalistica/src/visormuestrasbalistica/Inicio.java</file>
            <file>file:/D:/Balistica/VisorMuestrasBalistica/src/visormuestrasbalistica/UtilidadesGenerales.java</file>
        </group>
    </open-files>
</project-private>
